"STREET NAME";"STREET NAME 1ST PART";"STREET NAME 2ND PART";"TOWN IF NOT GLASGOW";"ALTERNATIVE SPELLING";"DIRECTORY START scan 585";"DIRECTORY END scan 789"
"Abbotsford Lane";"Abbotsford";"Lane";;;;
"Abbotsford Place";"Abbotsford";"Place";;;;
"Abercorn Street";"Abercorn";"Street";;;;
"Abercromby Place";"Abercromby";"Place";;;;
"Abercromby Street";"Abercromby";"Street";;"east, west";;
"Abercromby Terrace";"Abercromby";"Terrace";;;;
"Abington Street";"Abington";"Street";;;;
"Abyssinia Place";"Abyssinia ";"Place";;;;
"Adam's Court Lane";"Adam's Court";"Lane";;;;
"Adelaide Place";"Adelaide";"Place";;;;
"Adelphi Street";"Adelphi ";"Street";"Bridgeton";"South";;
"Adelphi Terrace";"Adelphi ";"Terrace";;;;
"Afton Crescent";"Afton";"Crescent";;;;
"Afton Terrace";"Afton";"Terrace";;;;
"Agnew Place";"Agnew";"Place";"Crosshill, Garnethill";;;
"Ailsa Terrace";"Ailsa";"Terrace";"Hillhead";;;
"Airlie Terrace";"Airlie";"Terrace";"Pollockshields";;;
"Albany Place";"Albany";"Place";;;;
"Albany Street";"Albany";"Street";"Kelvinside";;;
"Albany Terrace";"Albany";"Terrace";;;;
"Albert Drive";"Albert ";"Drive";"Crosshill";;;
"Albert Place";"Albert ";"Place";;;;
"Albert Road";"Albert ";"Road";"(East) Crosshill, Langside, (North) Pollockshields";;;
"Albert Street";"Albert ";"Street";"Townhead, Pollockshields";;;
"Albert Terrace";"Albert ";"Terrace";;;;
"Alberta Terrace";"Alberta";"Terrace";"Kelvinside";;;
"Albion Crescent";"Albion";"Crescent";"Hillhead";;;
"Albion Place";"Albion";"Place";"Hillhead";;;
"Albion Street ";"Albion";"Street";;"North, South";;
"Albyn Street";"Albyn";"Street";;;;
"Albyn Terrace";"Albyn";"Terrace";;;;
"Alexander Street";"Alexander";"Street";;;;
"Alexandra Parade";"Alexandra";"Parade";"Dennistoun";;;
"Alexandra Place";"Alexandra";"Place";;;;
"Alexandra Street";"Alexandra";"Street";"Partick";;;
"Alfred Terrace";"Alfred";"Terrace";"Hillhead";;;
"Alice Place";"Alice";"Place";"Govanhill";;;
"Alice Street";"Alice";"Street";;;;
"Allander Street";"Allander";"Street";"Possilpark";;;
"Allanton Terrace";"Allanton";"Terrace";"Govanhill";;;
"Allison Street";"Allison";"Street";"Govanhill";;;
"Alva Terrace";"Alva";"Terrace";"Govanhill";;;
"Anderson Street";"Anderson";"Street";"Gallowgate, Partick, Kinningpark";;;
"Anderston Quay";"Anderston";"Quay";;;;
"Ann Street";"Ann ";"Street";"Glasgow, Bridgeton, Hillhead, Port-Dundas";;;
"Annette Street";"Annette";"Street";"Govanhill";;;
"Annfield Place";"Annfield";"Place";;;;
"Annfield Road";"Annfield";"Road";"Partick";;;
"Annfield Street";"Annfield";"Street";;;;
"Annfield Terrace";"Annfield";"Terrace";"Partick";;;
"Apsley Place";"Apsley";"Place";;"North, South";;
"Arden Street";"Arden";"Street";;;;
"Ardgowam Terrace";"Ardgowan";"Terrace";;;;
"Ardgowan Street";"Ardgowan";"Street";;;;
"Ardine Terrace";"Ardine ";"Terrace";"Govanhill, Crosshill";;;
"Ardoch Street";"Ardoch";"Street";"Possil Park";;;
"Argyle Arcade";"Argyle";"Arcade";;;;
"Argyle Plase";"Argyle";"Place";"Springburn, Partick";;;
"Argyle Street";"Argyle";"Street";;;;
"Argyle Terrace";"Argyle";"Terrace";"Langside, Crosshill";;;
"Ark Lane";"Ark";"Lane";;;;
"Arlington Street";"Arlington";"Street";;;;
"Armadale Street";"Armadale";"Street";;;;
"Armour Street";"Armour";"Street";;;;
"Arthur Street";"Arthur";"Street";"Glasgow, Overnewton";;;
"Ashburne";"Ashburne";;"Partick";;;
"Ashgrove Terrace";"Ashgrove";"Terrace";;;;
"Ashton Place";"Ashton";"Place";"Hillhead";;;
"Ashton Terrace";"Ashton";"Terrace";"Hillhead";;;
"Athole Gardens";"Athole ";"Gardens";"Kelvinside";;;
"Athole Place";"Athole ";"Place";;;;
"Athole Terrace";"Athole ";"Terrace";"Crosshill";;;
"Avenue Road";"Avenue";"Road";"Springburn";;;
"Avenue Street";"Avenue";"Street";;;;
"Avon Street";"Avon";"Street";"Kinning Park";;;
"Avondale Place";"Avondale";"Place";;;;
"Avondale Terrace";"Avondale";"Terrace";;;;
"Aytoun Road";"Aytoun";"Road";"Pollockshields";;;
"Back Wynd";"Back";"Wynd";;;;
"Bain Street";"Bain";"Street";;;;
"Baird Street";"Baird";"Street";"St Rollox";;;
"Ballochmyle Place";"Ballochmyle ";"Place";"Govanhill";;;
"Ballochmyle Terrace";"Ballochmyle ";"Terrace";"Kelvinside";;;
"Balmano Street";"Balmano";"Street";;;;
"Balmore Street";"Balmore";"Street";"Possilpark";;;
"Baltic Street";"Baltic";"Street";"Bridgeton";;;
"Bank Street";"Bank ";"Street";"Port Dundas,";;;
"Bardowie Street";"Bardowie";"Street";"Possilpark";;;
"Barloch Street";"Barloch ";"Street";"Possilpark";;;
"Barony Street";"Barony";"Street";;;;
"Barr Street";"Barr";"Street";;;;
"Barrack Street";"Barrack";"Street";;;;
"Barrowfield Street";"Barrowfield";"Street";;;;
"Bartholomew Street";"Bartholomew";"Street";;;;
"Bath Street";"Bath";"Street";;;;
"Battlefield Crescent";"Battlefield";"Crescent";"Mt. Florida";;;
"Bazaar";"Bazzar";;;;;
"Beaconsfield Street";"Beaconsfield";"Street";"Partick";;;
"Beaufort Gardens";"Beaufort";"Gardens";"Govanhill";;;
"Beaufort Terrace";"Beaufort";"Terrace";"Govanhill";;;
"Beauly Terrace";"Beauly";"Terrace";"Kelvinside";;;
"Bedford Lane";"Bedford";"Lane";;;;
"Bedford Place";"Bedford";"Place";;;;
"Bedford Street";"Bedford";"Street";;;;
"Belch Place";"Belch";"Place";;;;
"Belgrave Place";"Belgrave";"Place";"Glasgow, Hillhead";;;
"Belgrave Street";"Belgrave";"Street";;;;
"Belgrave Terrace";"Belgrave";"Terrace";"Hillhead";;;
"Belhaven Terrace";"Belhaven";"Terrace";"Kelvinside";;;
"Bell Street";"Bell";"Street";"Glasgow, Calton";;;
"Bellevue Terrace";"Bellevue";"Terrace";"Springburn";;;
"Bellfield Street";"Bellfield";"Street";;;;
"Bellgrove Street";"Bellgrove";"Street";;"east, west";;
"Belmar Terrace";"Belmar";"Terrace";"Pollockshields";;;
"Belmont Crescent";"Belmont ";"Crescent";"Hillhead";;;
"Belmont Street";"Belmont ";"Street";"Hillhead";;;
"Bentinck Street";"Bentinck";"Street";;;;
"Berkeley Street";"Berkeley";"Street";;;;
"Berkeley Terrace";"Berkeley";"Terrace";;;;
"Berlin Place";"Berlin";"Place";"Pollockshields";;;
"Bernard Street";"Bernard ";"Street";;;;
"Bilbao Street";"Bilbao ";"Street";;;;
"Binnie Place";"Binnie";"Place";;"east, west";;
"Bishop Street";"Bishop";"Street";"Anderston, Port Dundas";;;
"Black Street";"Black";"Street";;;;
"Blackburn Street";"Blackburn";"Street";;;;
"Blackie Street";"Blackie ";"Street";"Overnewton";;;
"Blair Street";"Blair ";"Street";;;;
"Bluevale Street";"Bluevale ";"Street";;;;
"Blythswood Square";"Blythswood";"Square";;;;
"Boden Street";"Boden";"Street";"Bridgeton";;;
"Bonnington Terrace";"Bonnigton";"Terrace";"Govanhill";;;
"Borron Street";"Borron";"Street";"Port Dundas";;;
"Boswell Terrace";"Boswell";"Terrace";"Kelvinside";;;
"Bothwell Circus";"Bothwell";"Circus";;;;
"Bothwell Street";"Bothwell";"Street";"Glasgow, Anderston";;;
"Bothwell Terrace";"Bothwell";"Terrace";"Hillhead";;;
"Bowmont Gardens";"Bowmont ";"Gardens";"Kelvinside";;;
"Bowmont Terrace";"Bowmont ";"Terrace";"Kelvinside";;;
"Braco Street";"Brace";"Street";;;;
"Braehead Street";"Braehead";"Street";;;;
"Braemar Terrace";"Braemar";"Terrace";;;;
"Braeside Terrace";"Braeside";"Terrace";"Pollockshields";;;
"Braid Street";"Braid";"Street";;;;
"Brandon Place";"Brandon";"Place";;;;
"Brandon Street";"Brandon";"Street";;;;
"Breadalbane Place";"Breadalbane ";"Place";"Strathbungo";;;
"Breadalbane Street";"Breadalbane ";"Street";;;;
"Breadalbane Terrace";"Breadalbane ";"Terrace";"Garnethill";;;
"Bridge Street";"Bridge";"Street";"Glasgow, Partick";"east, west";;
"Bridgegate";"Bridgegate";;;;;
"Bridgeton Cross";"Bridgeton";"Cross";;"south, north";;
"Bright Street";"Bright";"Street";;;;
"Broad Street";"Broad";"Street";;;;
"Brooielaw";"Broomielaw";;;;;
"Brook Street";"Brook";"Street";;;;
"Broomhall Street";"Broomhall";"Street";"Kinning Park";;;
"Broomhill Avenue";"Broomhill ";"Avenue";"Partick";;;
"Broomhill Drive";"Broomhill ";"Drive";"Partick";;;
"Broomhill Street";"Broomhill ";"Street";;;;
"Broomhill Terrace";"Broomhill ";"Terrace";"(West) Partick";;;
"Broompark Circus";"Broompark";"Circus";;;;
"Broompark Drive";"Broompark";"Drive";;;;
"Broompark Terrace";"Broompark";"Terrace";;;;
"Brougham Terrace";"Brougham";"Terrace";"Crosshill";;;
"Brown Street";"Brown";"Street";"Bridgeton, Broomielaw, Port Dundas";;;
"Bruce Road";"Bruce";"Road";"Pollockshields";;;
"Bruce Street";"Bruce";"Street";"Hillhead";;;
"Brunswick Lane";"Brunswick";"Lane";;;;
"Brunswick Street";"Brunswick";"Street";;;;
"Buccleuch Lane";"Buccleuch";"Lane";;;;
"Buccleuch Street";"Buccleuch";"Street";;;;
"Buchan Street";"Buchan";"Street";;;;
"Buchanan Street";"Buchanan";"Street";;;;
"Buckingham Buildings";"Buckingham";"Buildings";"Hillhead";;;
"Buckingham Street";"Buckingham";"Street";"Hillhead";;;
"Buckingham Terrace";"Buckingham";"Terrace";"Hillhead, Partick";;;
"Burnbank";"Burnbank";;;;;
"Burnbank Gardens";"Burnbank";"Gardens";;;;
"Burnbank Place";"Burnbank";"Place";;;;
"Burnbank Terrace";"Burnbank";"Terrace";;;;
"Burnside Street";"Burnside";"Street";;;;
"Burrell's Lane";"Burrel's ";"Lane";;;;
"Bute Terrace";"Bute";"Terrace";;;;
"Byars' Road";"Byars'";"Road";"Partick, Kelvinside";;;
"Cadogan Street";"Cadogan";"Street";;;;
"Calder Street";;;"Govanhill";;;
"Calter Terrace";;;"Langside";;;
"Calderwood Street";;;;;;
"Caledonian Road";;;;;;
"Callander Place";;;"Govanhill";;;
"Cambridge Drive";;;"Kelvinside";;;
"Cambridge Street";;;;"east, west";;
"Camden Place";;;;;;
"Camden Street";;;;;;
"Cameron Street";;;;;;
"Campbell Street";;;;"east, west";;
"Campbellfield Street";;;;;;
"Camperdown Street";;;;;;
"Camphill Avenue";;;"Langside";;;
"Camphill Quadrant";;;"Langside";;;
"Campside Crescent";;;"Langside";;;
"Camvale Buildings";;;"Crossmyloof";;;
"Canal Street";;;"Port Dundas, Port Eglinton";;;
"Canal Bank Street";;;"Port Dundas";;;
"Candleriggs";"Candleriggs";;;;;
"Cammomg Place";;;;;;
"Canning Street";;;;"south, north";;
"Canon Street";;;;;;
"Canonbury Terrace";;;"Garnethill";;;
"Caprera Place";;;"Kinning Park";;;
"Carbeth Street";;;"Possilpark";;;
"Carfin Street";;;"Govanhill";;;
"Carlton Court";;;;;;
"Carlton Place";;;;;;
"Carlton Terrace";;;"Kelvinside";;;
"Carnarvon Street";;;;;;
"Carrick Street";;;;;;
"Carrickarden Street";;;;;;
"Carrington Street";;;;;;
"Castle Street";;;;"east, west";;
"Castlebank Street";;;"Partick";;;
"Cathcart Road";;;"Glasgow, Govanhill";"east, west, south";;
"Cathedral Street";;;;"north, south";;
"Catherine Street";;;"Glasgow, Anderston, Langside";;;
"Cathkin Road";;;"Langside";;;
"Cathkin Terrace";;;"Mount Florida";;;
"Cavendish Street";;;;;;
"Cecil Place";;;;;;
"Cecil Street";;;"Glasgow, Hillhead";;;
"Cedar Street";;;;;;
"Centre Street";;;;;;
"Chalmers Street";;;;;;
"Charing Cross";;;;;;
"Charles Street";;;"Calton, Townhead";;;
"Charlotte Lane";;;;;;
"Charlotte Street";;;"Glasgow, Port Dundas";;;
"Cheapside Street";;;;;;
"Chesham Plase";;;;;;
"Church Place";;;;;;
"Church Street";;;"Partick";;;
"Circus Drive";;;"Dennistoun";;;
"Clairmont Gardens";;;;;;
"Claremint Street";;;;"north";;
"Claremont Terrace";;;;;;
"Clarence Street";;;"Kingston";;;
"Claredon Place";;;;;;
"Claredon Street";;;"Glasgow, Partick";;;
"Clarinda Terrace";;;;;;
"Claythorn Street";;;;;;
"Clayton Terrace";;;;;;
"Cleland Street";;;;;;
"Cleveland Street";;;;;;
"Cliffort Street";;;;;;
"Clifton Place";;;;;;
"Clifton Street";;;;;;
"Clyde Grove Terrace";;;;;;
"Clyde Place";;;;;;
"Clyde Buildings";;;;;;
"Clyde Street";;;"Glasgow, Anderston, Calton, Port Dundas";"east, west, north";;
"Great Clyde Street";;;;;;
"Clyde Terrace";;;;;;
"Clydeview";;;;;;
"Clydeview Terrace";;;;;;
"Clyde View";;;"Whiteinch";;;
"Coatbridge Street";;;;;;
"Cobden Place";;;"Mount Florida";;;
"Coburg Place";;;"Springburn";;;
"Coburg Street";;;;"north, south";;
"Cochrane Street";;;;;;
"Colebrooke Street";;;"Hillhead";;;
"College";;;"Hillhead";;;
"College Street";;;;"west";;
"Comely Park Place";;;;;;
"Comely Park Street";;;;;;
"Commerce Street";;;;;;
"Ciommercial Road";;;;;;
"Cook Street";;;;;;
"Coomassie Place";;;;;;
"Corn Street";;;;;;
"Cornwall Street";;;;;;
"Corunna Street";;;;;;
"Couper Street";;;;;;
"Cowan Street";;;"Hillhead";;;
"Cowcaddens";;;;;;
"Cowlairs Road";;;"Springburn";;;
"Craig Street";;;"Kinning Park";;;
"Craig Park";;;;;;
"Craig Park Terrace";;;;;;
"Craighall Road";;;;"east, west";;
"Craigiehall Street";;;;;;
"Craignestock Place";;;;;;
"Craignestock Street";;;;;;
"Cranston Street";;;;;;
"Crawford Street";;;"Glasgow, Port Dundas, Partick, Port Eglinton";;;
"Cromwell Street";;;;;;
"Crookston Place";;;;;;
"Crookston Street";;;"Kingston";;;
"Cross Street";;;"Partick";;;
"Crossburn Street";;;;;;
"Crossloan Road";;;"Kelvinside";;;
"Crow Road";;;"Partick";;;
"Crown Circus";;;"Hillhead";;;
"Crown Gardens";;;"Hillhead";;;
"Crown Place";;;"Crosshill";;;
"Crown Street";;;;"east, west";;
"Crown Point Road";;;;;;
"Crown Point Street";;;;;;
"Crown Terrace";;;"Hillhead";;;
"Croy Place";;;;;;
"Cubic Street";;;;;;
"Cumberland Lane";;;;;;
"Cumberland Street";;;"Laurieston, Calton";"west";;
"Cumberland Road";;;;;;
"Cumbrae Place";;;"Govanhill";;;
"Daisy Street";;;"Govanhill";;;
"Dale Street";;;"Bridgeton, Tradeston";;;
"Dalhouse Place";;;;;;
"Dalhouse Street";;;;;;
"Dalmarnock Road";;;;"new, old";;
"Darnley Street";;;"Pollockshields";;;
"David Street";;;;;;
"Dean Street";;;;;;
"Deanside Lane";;;;;;
"Denmark Street";;;"Possilpark";;;
"Derby Crescent";;;"Kelvonside";;;
"Derby Street";;;;;;
"Derby Terrace";;;;;;
"Devon Street";;;;;;
"Dixon Avenue";;;"Govanhill";;;
"Dixon Street";;;;"east, west";;
"Dobbie's Loan";;;;;;
"Doncaster Street";;;;;;
"Doon Terrace";;;"Pollockshields";;;
"Dorset Street";;;;;;
"Douglas Street";;;"Glasgow, Partick";;;
"Doune Place";;;"Kelvinside";;;
"Doune Terrace";;;"Kelvinside";;;
"Dovehill ";;;;"Great Dovehill, Little Dovehill";;
"Dover Street";;;;;;
"Dowanhill Gardens";;;"Hillhead";;;
"Dowanhill Place";;;"Partick";;;
"Dowanhill Street";;;"Partick";;;
"Dowanvale Terrace";;;"Partick";;;
"Downie Place";;;"Partick";;;
"Drummond Street";;;;;;
"Drury Street";;;;;;
"Drygate";;;;;;
"Duke Street";;;;"norht, south";;
"Dumbarton Road";;;"Glasgow, Partick";"south, north, old";;
"Duncan Street";;;;;;
"Dunchattan Street";;;;;;
"Dundas Lane";;;;;;
"Dundas Street";;;"Glasgow, Kingston";;;
"Dundas Terrace";;;"Crosshill";;;
"Dundonald Road";;;"Kelvinside";;;
"Dunedin Place";;;"Govanhill";;;
"Dunkelt Place";;;"Hillhead ";;;
"Dunlop Street";;;;;;
"Dunmore Place";;;;;;
"Dunmore Terrace";;;;;;
"Dunn Street";;;;;;
"Dunrobin Place";;;;;;
"Dyer's Lane";;;;;;
"Eaglesham Street";;;;;;
"Eastfield Place";;;"Springburn";;;
"eastfield Street";;;"Springburn";;;
"Easton Terrace";;;;;;
"Edgefauld Terrace";;;"Springburn";;;
"Edmund Street";;;"Dennistoun, Overnewton";;;
"Eglinton Lane";;;;;;
"Eglinton Street";;;;"east, west";;
"Eglinton Terrace";;;"Crosshill";;;
"Eildon Villas";;;"Mount Florida";;;
"Elcho Place";;;"Strathbungo";;;
"Elderslie Place";;;;;;
"Elderslie Street";;;;;;
"Eldon Street";;;;;;
"Eldon Terrace";;;"Partick";;;
"Elgin Place";;;;"south";;
"Elgin Street";;;;;;
"Elgin Terrace";;;"Partick";;;
"Elliton Street";;;"Glasgow, Hillhead";;;
"Elm Street";;;;;;
"Elmbank Crescent";;;;;;
"Elmbank Street";;;;;;
"Elmbank Place";;;;;;
"Emily Place";;;;;;
"Ethel Terrace";;;"Mount Florida";;;
"Eton Gardens";;;"Hillhead";;;
"Eton Place";;;"Hillhead";;;
"Ettrick Terrace";;;"Kelvinside";;;
"Fairlie Bank";;;"Partick";;;
"Fairlie Park";;;"Partick";;;
"Falkland Place";;;;;;
"Fauldhouse Street";;;;;;
"Ferguson Street";;;;;;
"Fielden Street";;;;;;
"Fife Place";;;;;;
"Findlay Drive";;;;;;
"Findlay Street";;;;;;
"Finlayson Place";;;"Kelvinside";;;
"Finnieston Quay";;;;;;
"Finnieston Street";;;;;;
"Firhill Road";;;;;;
"Firpark Terrace";;;"Dennistoun";;;
"Fisher Street";;;;;;
"Fitzroy Place";;;;;;
"Fleming Street";;;;;;
"Flemington Street";;;;;;
"Florentine Gardens";;;"Hillhead";;;
"Florence Place";;;;;;
"Florence Street";;;;;;
"Fordneuk Street";;;;;;
"Foremount Terrace";;;"Partick";;;
"Forth Street";;;"Glasogw, Pollockshields";;;
"Fountainwell Road";;;"Springburn";;;
"Franklink Place";;;;;;
"Franklin Street";;;"Bridgeton";;;
"Franklin Terrace";;;;;;
"Fraser Street";;;;;;
"Frederick Lane";;;;;;
"Frederick Street";;;;;;
"French Street";;;;;;
"Gairbraid Street";;;;;;
"Galbraith Street";;;;;;
"Gallowgate";;;;;;
"Garden Place ";;;;;;
"Garden Street";;;;;;
"Garden Terrace";;;;;;
"Gardner Street";;;;;;
"Garnet Place";;;;;;
"Garnethill Street";;;;;;
"Garngad Hill";;;;;;
"Garngad Road";;;;;;
"Garnkirk Street";;;;;;
"Garrioch Mill Road";;;;;;
"Garscadden Street";;;;;;
"Garscube Lane";;;;;;
"Garscube Road";;;;;;
"Garthland Drive";;;"Dennistoun";;;
"Garthland Street";;;;;;
"Garturk Street";;;"Govanhill";;;
"Gayfield Street";;;;;;
"George Square";;;;;;
"George Street";;;;"west";;
"Germinston Street";;;;;;
"Gibson Street";;;;;;
"Gilmour Street";;;;;;
"Gladstone Street";;;;;;
"Glasgow Street";;;"Hillhead";;;
"Glassford Street";;;;"east, west";;
"Glebe Street";;;;;;
"Glenavon Terrace";;;"Partick";;;
"Glenavon Terrace";;;;;;
"Glencairn Terrace";;;"Kelvinside";;;
"Glenton Terrace";;;;;;
"Cloucester Street";;;;;;
"Golf-hill Drive";;;"Dennistoun";;;
"Goosedubs";;;;;;
"Gordon Lane";;;;;;
"Gordon Street";;;;;;
"Gourlay Street";;;"Springburn";;;
"Govan Road";;;;;;
"Govan Street";;;;;;
"Govanhill Street";;;"Govanhill";;;
"Govanview Terrace";;;"Govanhill";;;
"Gower Street";;;"Kelvinside";;;
"Grace Street";;;;;;
"Graeme Street";;;;;;
"Grafton Place";;;;;;
"Grafton Square";;;;;;
"Grafton Street";;;;;;
"Graham Square";;;;;;
"Graham Street";;;"Bridgeton";"west";;
"Granby Place";;;"Hillhead";;;
"Granby Terrace";;;"Hillhead";;;
"Grange Terrace";;;"Mount Florida, Pollockshields";;;
"Grant Street";;;;;;
"Granville Buildings";;;"Pollockshields";;;
"Granville Place";;;"Govanhill";;;
"Granville Street";;;;;;
"Gray Street";;;;;;
"Great George Street";;;"Hillhead";;;
"Great Kelvin Terrace";;;"Hillhead";;;
"Great Wellington Street";;;;;;
"Great Western Road";;;"Glasogw, Hillhead, Kelvinside";;;
"Great Western Terrace";;;"Kelvinside";;;
"Green Street";;;"Bridgeton, Calton, Low";;;
"Greenbank ";;;"Partick";;;
"Greendyke Street";;;;;;
"Greenhead Street";;;;;;
"Greenhill Place";;;;;;
"Greenhill Street";;;;;;
"Greenlaw Place";;;;;;
"Greenside Lane";;;;;;
"Greenside Street";;;;;;
"Greenvale Place";;;;;;
"Greenvale Street";;;;;;
"Grosvenor Crescent";;;"Kelvinside";;;
"Grosvenor Place";;;"Govanhill";;;
"Grosvenor Terrace";;;"Kelvinside";;;
"Grove Street";;;;;;
"Hamilton Crescent";;;"Partick";;;
"Hamilton Drive";;;"Hillhead";;;
"Hamilton Park Terrace";;;;;;
"Hamilton Place";;;"Landside";;;
"Hamilton Street";;;"Glasgow, Partick";"Great, Little, north, south";;
"Hamilton Terrace";;;"(East, West) Partick";;;
"Hampden Place";;;"Mount Florida";;;
"Hampden Terrace";;;"Mount Florida";;;
"Hampton Court Terrace";;;;;;
"Hannover Street";;;;;;
"Harmony Place";;;"Govanhill";;;
"Hartfield Street";;;;;;
"Harvey Street";;;;;;
"Havannah Street";;;;;;
"Havelock Street";;;;;;
"Havelock Terrace";;;;;;
"Hawthorn Street";;;"Possilpark";;;
"Hayburn Crescent";;;"Partick";;;
"Hayburn Terrace";;;"Partick";;;
"Hayfield Street";;;;;;
"Hayfield Terrace";;;"Mount Florida";;;
"Henderson Street";;;"Glasgow, Kinning Park";;;
"Henrietta Street";;;;;;
"Herbertson Street";;;;;;
"Herriot Street";;;"Pollockshields";;;
"High Street";;;"Glasgow, Anderston, Gallowgate, Garnethill, ";;;
"Hill Street";;;"Springburn";;;
"Hillhead Street";;;"Hillhead";;;
"Hillsborough Square";;;"Hillhead";;;
"Hillsborough Terrace";;;"Hillhead";;;
"Hillside Gardens";;;"Partick";;;
"Hillside Terrace";;;"Dennistoun, Springburn";;;
"Hilton Terrace";;;;;;
"Holborn Terrace";;;"Kelvinside";;;
"Holland Place";;;;;;
"Holland Street";;;;;;
"Holm Street";;;;;;
"Holmhead Street";;;;;;
"Holyrood Crescent";;;;;;
"Holyrood Place";;;;;;
"Hope Street";;;"Glasgow, Anderston";;;
"Hope Terrace";;;;;;
"Hopehill Road";;;;;;
"Hopetoun Place";;;;;;
"Horselethill Road";;;"Kelvinside";;;
"Hospital Street";;;;;;
"Houldsworth Street";;;;;;
"Houston Street";;;;;;
"Howard Street";;;"Glasgow, Bridgeton";"east";;
"Hunter Street";;;;;;
"Hunter Terrace";;;;;;
"Huntly Gardens";;;"Kelvinside";;;
"Hutcheson Square";;;;;;
"Hutcheson Street";;;;;;
"Hydepark Street";;;;;;
"Hyndland Road";;;"Kelvinside";;;
"Hyndland Street";;;"Partick";;;
"India Street";;;"Glasgow, Partick, ";"west";;
"Ingleby Drive";;;;;;
"Inglefield Street";;;;;;
"Inglefield Terrace";;;;;;
"Inglis Street";;;;;;
"Ingram Street";;;;"east";;
"Iona Place";;;"Mount Florida";;;
"Jackson Street";;;;;;
"Jail Square";;;;;;
"Jamaica Street";;;;;;
"James' Street";;;"Calton, Greenhead, Mile-end, Port Dundas";;;
"James Morrison Street";;;;;;
"James Watt Street";;;;;;
"Jamieson Street";;;"Govanhill";;;
"Jane Place";;;"Glasgow, Pollockshields";;;
"Jardine Street";;;;;;
"John Street";;;"Glasgow, Bridgeton";"east";;
"John Knox Street";;;;;;
"Keir Street";;;"East Pollockshields";;;
"Keir Terrace";;;"Pollockshields";;;
"Kelbourne Street";;;"Kelvinside";;;
"Kelburn Terrace";;;"Govanhill";;;
"Kelvin Drive";;;"Glasgow, Kelvinside";;;
"Kelvin Street";;;"Glasgow, Partick";;;
"Kelvingrove Street";;;;;;
"Kelvingrove Terrace";;;;;;
"Kelvinhaugh Street";;;;;;
"Kelvinside Gardens";;;"Kelvinside";"north, south, west";;
"Kenmure Place";;;"Pollockshields";;;
"Kenmure Street";;;"Glasgow, Pollockshields (East)";;;
"Kenmure Terrace";;;"Pollockshields";;;
"Kennedy Street";;;;;;
"Kent Road";;;;;;
"Kent Square";;;;;;
"Keppochhill Road";;;"Springburn";;;
"Kerr Street";;;"Calton";;;
"Kersland Street";;;"Hillhead";;;
"Kersland Terrace";;;"Hillhead";;;
"Kew Terrace";;;"Kelvinside";;;
"Keyden Street";;;;;;
"Killearn Street";;;"Possilpark";;;
"Killermont Street";;;;;;
"Kingston Place";;;;;;
"King Street";;;"Glasgow, Calton, Mile-end, Tradeston";;;
"Kinning Place";;;;"south";;
"Kinning Street";;;"Kingston";;;
"Kirk Street";;;"Calton, Gorbals, Townhead";"east, west";;
"Kirklee Gardens";;;"Kelvinside";;;
"Kirklee Road";;;"Kelvinside";;;
"Kirkpatrick Street";;;;;;
"Knightswood Place";;;;;;
"Knowe Terrace";;;"Pollockshields";;;
"Kyle Street";;;;;;
"La Belle Place";;;"Kelvingrove";;;
"Lacrosse Place";;;;;;
"Ladywell Street";;;;;;
"Lambhill Street";;;;;;
"Lamlash Place";;;"Pollockshields";;;
"Lanarck Street";;;;"east";;
"Lancaster Terrace";;;"Kelvinside";;;
"Lancefield Quay";;;;;;
"Lancefield Street";;;;;;
"Lancelot Place";;;"Pollockshields";;;
"Landore Terrace";;;"Mount Florida";;;
"Landressy Street";;;;;;
"Langside Road";;;"Crosshill, Langside";;;
"Landsdowne Crescent";;;;;;
"Largo Place";;;;;;
"Laurel Bank";;;"Partick";;;
"Lawrence Place";;;"Partick";;;
"Lendel Terrace";;;"Govan";;;
"Leslie Road";;;"Pollockshields";;;
"Leslie Street";;;"Pollockshields";;;
"Leven Street";;;"Pollockshields";;;
"Lillybank Road";;;;;;
"Lillybank Street";;;;;;
"Lillybank Terrace";;;"Hillhead";;;
"Lime Street";;;;;;
"Linden Terrace";;;"Pollockshields";;;
"Lindsay Terrace";;;"Partick";;;
"Linhall Terrace";;;;;;
"Linwood Terrace";;;"Hillhead";;;
"Little Street";;;;;;
"Livingston Terrace";;;;;;
"Lochinver Terrace";;;"Glasgow, Pollockshields";;;
"Logan Street";;;;;;
"Lomond Street";;;"Possilpark";;;
"London Road";;;;"norht, south";;
"London Street";;;;;;
"Lorne Place";;;"Glasgow, Mount Florida";;;
"Lorne Terrace";;;"Pollockshields";;;
"Loudon Place";;;"Govanhill";;;
"Loudon Terrace";;;"Kelvinside";;;
"Love Loan";;;;;;
"Lugar Place";;;"Kelvinside";;;
"Lumsden Street";;;;;;
"Luton Place";;;"Govanhill";;;
"Lynedoch Crescent";;;;;;
"Lynedoch Place";;;;;;
"Lynedoch Street";;;;;;
"Lyon Street";;;;"east";;
"McAlpine Street";;;;;;
"McAslin Street";;;;;;
"McCulloch Street";;;"Pollockshields";;;
"Macfarlane Street";;;;;;
"McIntosh Street";;;;;;
"McIntyre Street";;;"Anderston";;;
"McKechnie Street";;;;;;
"McKinlay Street";;;;;;
"McLean Street";;;;;;
"McLellan Street";;;;;;
"McNeil Street";;;;;;
"McPherson Street";;;;;;
"Main Street";;;"Anderston, Bridgeton, Calton, Gorbals, ";"south, north";;
"Mains Street";;;;;;
"Mair Street";;;;;;
"Maitland Place";;;"Glasgow, Langside";;;
"Mallsmire Place";;;"Mount Florida";;;
"Mansfield Place";;;;;;
"Mansfield Street";;;"Partick";;;
"Mansion House Road";;;"Langside";;;
"Mansion Street";;;"Possilpark";;;
"Marchmont Terrace";;;"Kelvinside";;;
"Margaret Street";;;"Glasgow, Laurieston";;;
"Marjory Place";;;"Pollockshields";;;
"Market Street";;;;"east";;
"Markland Terrace";;;"Hillhead";;;
"Marlborough Street";;;;;;
"Marlow Street";;;;;;
"Marquis Street";;;;;;
"Marshall Place";;;;;;
"Mason Stret";;;;;;
"Mathieson Street";;;;;;
"Matilda Place";;;"Strathbungo";;;
"Matilda Terrace";;;"Strathbungo";;;
"Matilda Road";;;"Pollockshields";;;
"Maule Terrace";;;"Partick";;;
"Maxwell Road";;;"Pollockshields";"east";;
"Maxwell Street";;;"Glasgow, Partick";;;
"Maxwell Terrace";;;"Pollockshields";;;
"May Terrace";;;"Mount Florida";;;
"Maybank Terrace";;;"Crosshill";;;
"Meadowbank Crescent";;;"Partick";;;
"Meadowbank Place";;;"Partick";;;
"Meadowpart Street";;;;;;
"Meadowvale";;;"Partick";;;
"Melrose Buildings";;;;;;
"Melrose Place";;;;;;
"Melrose Street";;;;;;
"Melville Lane";;;;;;
"Melville Place";;;;;;
"Melville Street";;;"Glasgow, Pollockshields";;;
"Melville Terrace";;;"Pollockshields";;;
"Merchant Lane";;;;;;
"Merkland Street";;;"Partick";;;
"Middleton Place";;;;;;
"Mill Street";;;;;;
"Millarbank Street";;;"Springburn";;;
"Millbrae Crescent";;;"Langside";;;
"Millbrae Road";;;"Langside";;;
"Millbrae Terrace";;;"Langside";;;
"Millburn Street";;;"Garngadhill";;;
"Millcroft Place";;;;;;
"Miller's Place";;;;;;
"Miller Street";;;;"east";;
"Millroad Street";;;;;;
"Milton Place";;;;;;
"Milton Street";;;;;;
"Milton Terrace";;;"Langside";;;
"Minard Avenue";;;"Partick";;;
"Minard Road";;;"Partick";;;
"Minard Terrace";;;"Partick";;;
"Minerva Street";;;;;;
"Mitchell Lane";;;;;;
"Mitchell Street";;;;;;
"Moir Street";;;;;;
"Moncur Street";;;;;;
"Monkland Street";;;;;;
"Montague Place";;;;;;
"Monteith Row";;;;;;
"Montgomerie Crescent";;;"Kelvinside";;;
"Montgomerie Drive";;;"Kelvinside";;;
"Montgomery Street";;;;;;
"Montgomerie Terrace";;;"Mount Florida";;;
"Montrose Street";;;;;;
"Moore Pace";;;;;;
"Moore Street";;;;;;
"Moray Place";;;"Strathbungo";;;
"Mordaunt Street";;;;;;
"Morris Place";;;;;;
"Morrison Street";;;;;;
"Mosesfield Terrace";;;"Springburn";;;
"Mossview ";;;"Crossmyloof";;;
"Mount Street";;;;;;
"Muirhead Street";;;;;;
"Murray Place";;;;;;
"Murray Street";;;;;;
"Muse Lane";;;"Cowcaddens";;;
"Muslin Street";;;"Bridgeton";;;
"Myrtle Park";;;"Crosshill";;;
"Myrtle Street";;;;;;
"Naburn Street";;;;;;
"Napier Place";;;;;;
"Napiershall Street";;;;;;
"Nelson Street";;;"Glasgow, Tradeston";"east";;
"Nelson Terrace";;;"Hillhead";;;
"New City Road";;;;;;
"Newhall Street";;;;;;
"Newhall Terrace";;;;;;
"New Street";;;"Calton";;;
"Newton Place";;;;;;
"Newton Street";;;;;;
"Newton Terrace";;;;;;
"New Wynd";;;;;;
"Nicholas Street";;;;;;
"Nicholson Street";;;;;;
"Nile Street";;;;"east, west";;
"Nithsdale Road";;;"Pollockshields, Strathbungo";;;
"Norfolk Street";;;;;;
"Northburn Street";;;;;;
"North Court";;;;;;
"North Street";;;"Anderston";;;
"North-East Park Street";;;"Dennistoun";;;
"North Woodside Road";;;;;;
"Norwood Terrace";;;;;;
"Nuneaton Street";;;;;;
"Oak Street";;;;;;
"Oakbank Street";;;;;;
"Oakfield Terrace";;;"Hillhead";;;
"Oakley Terrace";;;;;;
"Oakvale";;;;;;
"Old Kelvinhaugh Road";;;;;;
"Old Wynd";;;;;;
"Onslow Drive";;;;;;
"Onslow Square";;;;;;
"Orchard Street";;;"Glasgow, Partick";;;
"Orr Street";;;;;;
"Oswald Place";;;"Whiteinch";;;
"Oswald Street";;;"Glasgow, Bridgeton, ";"east, west, north";;
"Otago Street";;;"Hillhead";;;
"Overnewton Square";;;;;;
"Overnewton Street";;;;;;
"Oxford Street";;;;;;
"Paisley Road";;;;;;
"Park Circus";;;;;;
"Park Gardens";;;;;;
"Park Lane";;;;;;
"Park Place";;;;;;
"Park Quadrant";;;;;;
"Park Road";;;;;;
"Park Street";;;"Glasgow, Kelvinhaugh, Kinning Park, Plantation, ";"east, west";;
"Park Terrace";;;"Glasgow, Crosshill, Langside";"east, west";;
"Parkgrove Place";;;;;;
"Park Grove Terrace";;;;"west";;
"Parkhouse Lane";;;;;;
"Parkview";;;"Mount Florida";;;
"Parliamentary Road";;;;;;
"Parson Street";;;;;;
"Partickhill Road";;;"Partick";;;
"Paterson Street";;;"Glasgow, Anderston, Kingaton";"north";;
"Paul Street";;;;;;
"Paxton Terrace";;;"Crosshill";;;
"Peel Street";;;"Partick";;;
"Peel Terrace";;;;;;
"Pembroke Street";;;;;;
"Percy Street";;;;;;
"Percy Terrace";;;"Kelvinside";;;
"Perth Street";;;;;;
"Petershill Road";;;;;;
"Pettigrew Street";;;;;;
"Piccadilly Street";;;;;;
"Pine Street";;;;;;
"Pitt Street";;;;"east, west";;
"Plantation Buildings";;;;;;
"Plantation Place";;;;;;
"Plantation Street";;;;;;
"Pollock Street";;;;;;
"Pollockshaws Road";;;"Glasgow, Strathbungo";;;
"Polmadie Street";;;"Mount Florida";;;
"Port Street";;;;;;
"Port Dundas Road";;;;"east, west";;
"Prtland Street";;;;"north, south";;
"Portman Place";;;"Hillhead";;;
"Portman Street";;;"Kinning Park";;;
"Portugal Street";;;;;;
"Preston Street";;;"Bridgetonm Govanhill";;;
"Prince Edward Street";;;"Govanhill";;;
"Prince's Square";;;"Glasgow, Strathbungo";;;
"Prince's Street";;;;"west";;
"Prince's Terrace";;;"Hillhead";;;
"Prince of Wales Terrace";;;"Hillhead, Crosshill";;;
"Pulteny Street";;;;;;
"Queen Arcade";;;;;;
"Queensberry Terrace";;;"Langside";;;
"Queen's Crescent";;;;;;
"Queen's Drive";;;"Crosshill";"west";;
"Queen Mary Avenue";;;"Crosshill";;;
"Queen Mary Street";;;;;;
"Queen's Park Place";;;"Strathbungo";;;
"Queen's Park Terrace";;;;;;
"Queen's Place";;;;;;
"Queen Square";;;"Strathbungo";;;
"Queen Street";;;;"north";;
"Queen's Terrace";;;;;;
"Radnor Street";;;;;;
"Radnor Terrace";;;;;;
"Rae Street";;;"Port Dundas";;;
"Raeberry Street";;;;;;
"Raglan Street";;;;;;
"Randolph Place";;;"Garnethill";;;
"Randolph Terrace";;;"Garnethill";;;
"Ranfurly Place";;;;;;
"Regent Park Square";;;"Strathbungo";;;
"Regent Park Terrace";;;"Strathbungo";;;
"Regent Street Lane";;;;;;
"Regent Street";;;;"west";;
"Reid Street";;;"Bridgeton";;;
"Reidvale Street";;;;;;
"Renfield Lane";;;;;;
"Renfield Street";;;;;;
"Renfrew Court";;;;;;
"Renfrew Lane";;;;;;
"Renfrew Street";;;;;;
"Renton Terrace";;;"Crosshill";;;
"Renwick Street";;;"Kinning Park";;;
"Richard Street";;;;;;
"Richmond Street";;;;;;
"Risk Street";;;;;;
"Robertson Lane";;;;;;
"Robertson Street";;;;;;
"Rochester Street";;;;;;
"Rockbank ";;;"Partick";;;
"Rocklea Terrace";;;"Kelvinside";;;
"Rokeby Terrace";;;"Hillhead";;;
"Ronald Street";;;;;;
"Ropework Lane";;;;;;
"Rose Street";;;"Glasgow, Garnethill, Hutchesontown";"east";;
"Roseband Terrace";;;;;;
"Roseberry Terrace";;;"Glasgow, Pollockshields";;;
"Rosehall Street";;;;;;
"Rosehill";;;;;;
"Roseland Terrace";;;;;;
"Roslea Drive";;;"Dennistoun";;;
"Rosemount Street";;;;;;
"Rosevale Street";;;"Partick";;;
"Rosevale Terrace";;;"Partick";;;
"Rosslyn Place";;;"Pollockshields";;;
"Rosslyn Terrace";;;"Kelvinside, Pollockshields";;;
"Rottenrow";;;;"north, south";;
"Roxburgh Street";;;"Kelvinside";;;
"Royal Arcade";;;;;;
"Royal Bank Place";;;;;;
"Royal Crescent";;;"Glasgow, Crosshill";;;
"Royal Exchange Buildings";;;;;;
"Royal Exchange Place";;;;;;
"Royal Exchange Square";;;;;;
"Royal Terrace";;;"Glasgow, Crosshill";;;
"Royal Street";;;;;;
"Rumford Street";;;;;;
"Rupert Street";;;;;;
"Russel Street";;;;"east, west";;
"Rutherford Lane";;;;;;
"Rutherglen Loan";;;;;;
"Rutherglen Road";;;;;;
"Ruthven Street";;;"Kelvinside";;;
"Rutland Crescent";;;;;;
"Rutland Place";;;;;;
"Alban's Terrace";;;"Hillhead";;;
"St Andrew's Lane";;;;;;
"St Andrew's Road";;;"Pollockshields";"east";;
"St Andrew's Square";;;;;;
"St Andrew's Street";;;;;;
"St Bernard's Place";;;"Hillhead";;;
"St Clair Street";;;;;;
"St Enoch Square";;;;"east, west";;
"St Enoch Qynd";;;;;;
"St George's Place";;;;;;
"St George's Road";;;;;;
"St James' Street";;;"Glasgow, Hillhead, Kingston";;;
"St James' Terrace";;;"Hillhead";;;
"St John's Road";;;"Pollockshields";;;
"St John's Terrace";;;"Hillhead";;;
"St Marnock Street";;;;;;
"St Mary's Place";;;;;;
"St Mungo Street";;;;"north, south";;
"St Ninian Street";;;;;;
"St Peter's Lane";;;;;;
"St Vincent Crescent";;;;;;
"St Vincent Lane";;;;"east, west";;
"St Vincent Street";;;;;;
"Salisbury Quadrant";;;"Strathbungo";;;
"Salisbury Street";;;;;;
"Salisbury Terrace";;;"Hillhead";;;
"Salkeld Street";;;;;;
"Saltmarket";;;;"east, west";;
"Sanbank";;;"Partick";;;
"Sandringham Terrace";;;"Hillhead";;;
"Sandyfaulds Street";;;;;;
"Sandyford Buildings";;;;;;
"Sandyford Place";;;;;;
"Sandyford Street";;;;;;
"Saracen Street";;;"Possilpark";;;
"Sardinia Terrace";;;"Hillhead";;;
"Sauchiehall Lane";;;;;;
"Sauchiehall Street";;;;;;
"Scotia Street";;;;;;
"Scotland Street";;;"Tradeston, Woodlands";;;
"Scott Street";;;"Garnethill, Port Dundas";;;
"Seamour Street";;;;;;
"Sedan Place";;;;;;
"Seton Terrace ";;;"Dennistoun";;;
"Seyton Avenue";;;"Langside";;;
"Shaftesbury Buildings";;;;;;
"Shaftesbury Street";;;;;;
"Shaftesbury Terrace";;;;;;
"Shamrock Street";;;;;;
"Shawfield Place";;;;;;
"Shields Road";;;"Glasgow, Pollockshields";;;
"Shields Terrace";;;"Kinning Park";;;
"Shuttle Lane";;;;;;
"Shuttle Street";;;;;;
"Silvergrove Street";;;;;;
"Simpson Street";;;;;;
"Sister Street";;;;;;
"Skiphall Place";;;;;;
"Skirbing Street";;;"Langside";;;
"Slatefield Street";;;;;;
"Smith Street";;;"Govanhill, Hillhead, Kinning Park, Whiteinch";;;
"Soho Street";;;;;;
"Somerset Place";;;;;;
"Somerville Place";;;;;;
"Somerville Drive";;;"Mount Florida";;;
"South Park Terrace";;;"Hillhead";;;
"South Shamrock Street";;;;;;
"South Woodside Road";;;;;;
"Spiers' Place";;;;;;
"Spiers' Wharf";;;;;;
"Spoutmouth";;;"Gallowgate";;;
"Spring Gardens";;;"Kelvinside";;;
"Spring Place";;;"Crossmyloof";;;
"Springburn Road";;;;;;
"Springfield Lane";;;;;;
"Springfield Place";;;;;;
"Springfield Road";;;;;;
"Springhill Terrace";;;"Crossmyloof";;;
"Stafford Place";;;;;;
"Stafford Terrace";;;;;;
"Staffort Street";;;;;;
"Stanhope Street";;;;;;
"Stanley Buildings";;;;"west";;
"Stanley Place";;;;;;
"Stanley Street";;;"Glasgow, Kinning Park";;;
"Stanmore Terrace";;;"Mount Florida";;;
"Steel Street";;;;;;
"Stella Place";;;"Pollockshields";;;
"Stevenson Drive";;;"Langside";;;
"Stevenson Street";;;;;;
"Stewart Place";;;;;;
"Stewart Street";;;;;;
"Stuart Street";;;"Partick";;;
"Stewartville Street";;;"Partick";;;
"Stirling Road";;;;;;
"Stirling Street";;;"Glasgow, Port Dundas";;;
"Stobbie's Place";;;;;;
"Stobcross Street";;;;;;
"Stockwell Place";;;;;;
"Stockwell Street";;;;"east, west";;
"Stonefield Terrace";;;;;;
"Strathclyde Street";;;;;;
"Strathearn Place";;;;;;
"Struan Terrace";;;"Crosshill, Gvanhill";;;
"Struthers Street";;;;;;
"Summerfield Cottages";;;"Whiteinch";;;
"Summerfield Place";;;"Whiteinch";;;
"Summer Street";;;;;;
"Surrey Lane";;;;;;
"Surrey Place";;;;;;
"Surrey Street";;;;;;
"Sussex Place";;;;;;
"Sussex Street";;;;;;
"Sutherland Terrace";;;"Hillhead";;;
"Swan Street";;;"Port Dundas";;;
"Swanston Street";;;;;;
"Sword Street";;;;;;
"Sydney Street";;;;;;
"Tarbert Street";;;;;;
"Taylor Place";;;;;;
"Taylor Street";;;;;;
"Tennant Street";;;;;;
"Terrace Street";;;;;;
"Teviot Terrace";;;"Kelvinside";;;
"Tharsis Street";;;;;;
"Thistle Street";;;"Glasgow, Garnethill";"south";;
"Thistle Terrace";;;;;;
"Thomson's Lane";;;"Calton, Mile-end";;;
"Thomson Street";;;;;;
"Thorne Place";;;;;;
"Thornville Terrace";;;"Hillhead";;;
"Tillie Street";;;;;;
"Titwood Place";;;"Strathbungo";;;
"Tobago Street";;;;;;
"Tower Street";;;;;;
"Towerhill Terrace";;;"Springburn";;;
"Townhill Road";;;;;;
"Trongate";;;;;;
"Tureen Street";;;;;;
"Turner's Street";;;;;;
"Tylefield Street";;;;;;
"Union Street";;;;;;
"University Avenue";;;"Hillhead";;;
"University Street";;;;;;
"Ure Place";;;;;;
"Valeview Terrace";;;"Mount Florida";;;
"Vermont Street";;;;;;
"Victoria Buildings";;;"Hillhead, Pollockshields";;;
"Victoria Crescent";;;"Hillhead, Pollockshields";;;
"Victoria Cross";;;"Grosshill";;;
"Victoria Drive";;;"Mount Florida";;;
"Victoria Place";;;"Mount Florida";;;
"Victoria Road";;;"Glasgow, Crosshill";"east, west";;
"Victoria Street";;;"Hillhead, Port Eglinton";;;
"Victoria Terrace";;;"Hillhead, Mount Florida, Crosshill";;;
"Viewfield Terrace";;;"Hillhead, Langside";;;
"Villiers Street";;;;;;
"Vinicombe Street";;;"Hillhead";;;
"Virginia Street";;;;;;
"Vulcan Street";;;;;;
"Waddell Street";;;;;;
"Walker Street";;;"Glasgow, Partick";;;
"Walkinshaw Street";;;;;;
"Wallace Grove Place";;;;;;
"Wallace Street";;;;"north";;
"Wall's Street";;;;;;
"Walmer Crescent";;;;;;
"Walworth Terrace";;;;;;
"Ward Street";;;;;;
"Warroch Street";;;;;;
"Warwick Street";;;;;;
"Washington Street";;;;;;
"Water Street";;;"Port Dundas";;;
"Waterloo Street";;;;"east";;
"Watson Street";;;;"north";;
"Watt Street";;;"Kinning Park";;;
"Weaver Street";;;;;;
"Well Road";;;;;;
"Well Street";;;;;;
"Wellcroft Place";;;;;;
"Wellfield Street";;;;;;
"Wellington Arcade";;;;;;
"Wellington Lane";;;;;;
"Wellington Place";;;;"south";;
"Wellington Street";;;;"south";;
"Wellpark Place";;;"Crossmyloof";;;
"Wellpark Street";;;;;;
"Wellpark Terrace";;;;;;
"Wemyss Place";;;;;;
"Wendover Crescent";;;"Mount Florida";;;
"Wesleyan Street";;;"Mile-end";;;
"West Street";;;;;;
"Westbank Place";;;"Hillhead";;;
"Westbank Quadrant";;;;;;
"Westbank Terrace";;;;;;
"Westbourne Gardens";;;"Kelvinside";;;
"Westbourne Terrace";;;"Kelvinside";;;
"Westburn Place";;;"Whiteinch";;;
"Westbury Street";;;;;;
"Westfield Terrace";;;"Partick";;;
"West Garden Street";;;;;;
"West George Lane";;;;;;
"West Scotland Street";;;;;;
"West-end Park Street";;;;;;
"West View Gardens";;;"Dennistoun";;;
"Wester Craigs";;;;;;
"Westminster Terrace";;;;;;
"Westmoreland Street";;;"Govanhill";;;
"Weymouth Terrace";;;;;;
"Wharf ";;;"Port Dundas";;;
"Whitehall Place";;;"Ganethill";;;
"Whitehill Street";;;"Dennistoun";;;
"Whitehill Gardens";;;"Dennistoun";;;
"Whitevale";;;;;;
"Wigton Street";;;;;;
"William Street";;;"Anderston, Calton, Cowcaddens, Mile-end";;;
"Willowbank Crescent";;;;;;
"Willowbank Street";;;;;;
"Wilson Street";;;"Glasgow, Hillhead, Partick";;;
"Wilton Crescent";;;;;;
"Wilton Terrace";;;;;;
"Windsor Circus";;;"Kelvinside";;;
"Windsor Place";;;"Kelvinside";;;
"Windsor Quadrant";;;"Kelvinside";;;
"Windsor Street";;;;;;
"Windsor Terrace";;;"Glasgow, Kelvinside, Langside";;;
"Winton Terrace";;;"Crosshill";;;
"Wolseley Street";;;;;;
"Wood Lane";;;;;;
"Woodlands Road";;;;;;
"Woodlands Terrace";;;"Glasgow, Langside";;;
"Woodrow Road";;;"Pollockshields";;;
"Woodside Crescent";;;;;;
"Woodside Place";;;"Glasgow, Crossmyloof";;;
"Woodside Quadrant";;;;;;
"Woodside Terrace";;;;;;
"York Lane";;;;;;
"York Street";;;"Glasgow, Little Govan";;;
"Yorkhill Street";;;;;;
"Young Street";;;;;;
